{
  "overall_metrics": {
    "accuracy": 0.884,
    "precision": 0.8845747889450865,
    "recall": 0.884,
    "f1": 0.8842504422458554
  },
  "class_metrics": {
    "World": {
      "precision": 0.887727579231288,
      "recall": 0.8776666666666667,
      "f1-score": 0.8826684545759302,
      "support": 3000.0
    },
    "Sports": {
      "precision": 0.9692463670158837,
      "recall": 0.956,
      "f1-score": 0.9625776136935728,
      "support": 3000.0
    },
    "Business": {
      "precision": 0.8416005291005291,
      "recall": 0.8483333333333334,
      "f1-score": 0.8449535192563081,
      "support": 3000.0
    },
    "Sci/Tech": {
      "precision": 0.839724680432645,
      "recall": 0.854,
      "f1-score": 0.8468021814576103,
      "support": 3000.0
    },
    "accuracy": 0.884,
    "macro avg": {
      "precision": 0.8845747889450863,
      "recall": 0.8840000000000001,
      "f1-score": 0.8842504422458553,
      "support": 12000.0
    },
    "weighted avg": {
      "precision": 0.8845747889450865,
      "recall": 0.884,
      "f1-score": 0.8842504422458554,
      "support": 12000.0
    }
  },
  "confusion_matrix": [
    [
      2633,
      75,
      166,
      126
    ],
    [
      106,
      2868,
      15,
      11
    ],
    [
      93,
      10,
      2545,
      352
    ],
    [
      134,
      6,
      298,
      2562
    ]
  ]
}